{
"lunghezza_traiettoria": 21.68453216125185,
"distanza_intersezione_linea_di_mezzo": 10.842266080625924,
"lunghezza_lineare": 20.0
}
