{
 "traiettorie_ingresso": {
    "entrata_andata": {
      "lunghezza": 8.244247817337564
    },
    "uscita_andata": {
      "lunghezza": 8.244247817337564
    },
    "entrata_ritorno": {
      "lunghezza": 25.629440581681415,
      "intersezioni": [
        {
          "traiettoria": "uscita_ritorno_1",
          "distanza": 8.30032596325536
        },
        {
          "traiettoria": "uscita_ritorno_2",
          "distanza": 5.971722426392999
        }
      ]
    },
    "uscita_ritorno_1": {
      "lunghezza": 25.6294405816816,
      "intersezioni": [
        {
          "traiettoria": "entrata_ritorno",
          "distanza": 17.329114618420533
        }
      ]
    },
    "uscita_ritorno_2": {
      "lunghezza": 32.02998249100802,
      "intersezioni": [
        {
          "traiettoria": "entrata_ritorno",
          "distanza": 18.651512490538217
        }
      ]
    }
  }
}
 
