{
 "traiettorie_ingresso": {
    "entrata_andata": {
      "lunghezza": 8.244247817337564
    },
    "uscita_andata": {
      "lunghezza": 8.244247817337564
    },
    "entrata_ritorno": {
      "lunghezza": 25.629440581681415,
      "intersezioni": [
        {
          "traiettoria": "uscita_ritorno",
          "distanza": 5.971722426392999
        }
      ]
    },
    "uscita_ritorno": {
      "lunghezza": 32.02998249100802,
      "intersezioni": [
        {
          "traiettoria": "entrata_ritorno",
          "distanza": 18.651512490538217
        }
      ]
    }
  }
}
 
